country,source_group,source_type,plant_type,commission_year,lifetime_years,load_factor,net_efficiency,construction_cost_usd_per_kw,contingency_usd_per_kw,om_variable_usd_per_mwh,om_fixed_usd_per_kw_year,fuel,fuel_cost_usd_per_mwh,fuel_cost_unit,emission_factor_tco2_per_mwh_fuel,ccs_efficiency
Austria,Low carbon,Wind,Wind onshore (>= 1 MW) (3.0 MW),2025,25.0,0.273,1.0,1457.77,69.42,23.608,0.0,naturEnergy,0.0,MWh,0.0,0.0
Austria,Low carbon,Solar,Solar PV (residential) (0.020 MW),2025,25.0,0.114,1.0,718.85,34.23,0.0,41.313,naturEnergy,0.0,MWh,0.0,0.0
Austria,Low carbon,Hydro,Run of river (< 5 MW) (2.2 MW),2025,80.0,0.514,1.0,2360.76,112.42,0.0,53.654,naturEnergy,0.0,MWh,0.0,0.0
Denmark,,CHP,Ultra-supercritical (CHP) (700 MW),2025,40.0,0.570776,0.909903,2240.39,106.69,3.42,36.554,Bituminous,10.748,MWh,0.34056,0.0
Denmark,,CHP,"Gas (CCGT, CHP) (500 MW)",2025,30.0,0.570776,0.805125,1023.98,48.76,5.135,34.142,Gas,27.297,MWh,0.20196,0.0
Denmark,,CHP,"Gas (OCGT/int. comb., CHP) (125 MW)",2025,30.0,0.456621,0.817771,684.03,32.57,5.111,22.646,Gas,27.297,MWh,0.20196,0.0
Denmark,Low carbon,Wind,Wind onshore (>= 1 MW) (4.5 MW),2025,25.0,0.396119,1.0,917.52,43.69,1.709,15.947,naturEnergy,0.0,MWh,0.0,0.0
Denmark,Low carbon,Wind,Wind offshore (11.3 MW),2025,25.0,0.517979,1.0,2011.73,95.8,3.415,46.102,naturEnergy,0.0,MWh,0.0,0.0
Denmark,Low carbon,Wind,Wind offshore (11.5 MW),2025,25.0,0.518836,1.0,1720.7,81.94,3.105,41.918,naturEnergy,0.0,MWh,0.0,0.0
Denmark,Low carbon,Solar,Solar PV (utility scale) (8.0 MW),2025,25.0,0.161366,1.0,534.43,25.45,0.0,9.443,naturEnergy,0.0,MWh,0.0,0.0
Denmark,Low carbon,Solar,Solar PV (commercial) (0.10 MW),2025,25.0,0.131017,1.0,847.16,40.34,0.0,12.205,naturEnergy,0.0,MWh,0.0,0.0
Denmark,Low carbon,Solar,Solar PV (residential) (0.006 MW),2025,25.0,0.120984,1.0,1176.22,56.01,0.0,14.315,naturEnergy,0.0,MWh,0.0,0.0
Denmark,,CHP,Biomass (CHP) (177 MW),2025,40.0,0.456621,1.114444,4013.29,191.11,4.485,115.205,Biomass,32.797,MWh,0.0,0.0
Denmark,,CHP,Biomass (CHP) (261 MW),2025,40.0,0.456621,0.965216,2714.87,129.28,1.889,75.544,Biomass,41.182,MWh,0.0,0.0
Denmark,,CHP,Biomass (CHP) (258 MW),2025,40.0,0.570776,1.005169,2950.95,140.52,3.069,81.446,Biomass,32.797,MWh,0.0,0.0
Denmark,,CHP,Biomass (CHP) (358 MW),2025,40.0,0.570776,0.889145,2537.81,120.85,1.298,64.921,Biomass,41.182,MWh,0.0,0.0
Hungary,Low carbon,Solar,Solar PV (residential) (0.004 MW),2025,25.0,0.15,1.0,1900.73,0.0,0.0,4.441,naturEnergy,0.0,MWh,0.0,0.0
Hungary,Low carbon,Solar,Solar PV (commercial) (0.050 MW),2025,25.0,0.135,1.0,1296.76,0.0,0.0,2.377,naturEnergy,0.0,MWh,0.0,0.0
Hungary,Low carbon,Solar,Solar PV (commercial) (0.50 MW),2025,25.0,0.135,1.0,1074.71,0.0,0.0,23.052,naturEnergy,0.0,MWh,0.0,0.0
Hungary,Low carbon,Solar,Solar PV (utility scale) (20.0 MW),2025,25.0,0.135,1.0,963.69,0.0,0.0,12.538,naturEnergy,0.0,MWh,0.0,0.0
Italy,Low carbon,Hydro,Hydro reservoir (< 5 MW) (0.32 MW),2025,80.0,0.654635,0.9,3966.18,0.0,0.0,96.602,naturEnergy,0.0,MWh,0.0,0.0
Italy,Low carbon,Wind,Wind onshore (>= 1 MW) (20.0 MW),2025,25.0,0.29863,1.0,1499.09,0.0,0.0,26.0,naturEnergy,0.0,MWh,0.0,0.0
Italy,Low carbon,Wind,Wind onshore (< 1 MW) (0.83 MW),2025,25.0,0.295342,1.0,2268.57,0.0,0.0,33.403,naturEnergy,0.0,MWh,0.0,0.0
Italy,Low carbon,Wind,Wind onshore (< 1 MW) (0.19 MW),2025,25.0,0.178904,1.0,2852.15,0.0,0.0,43.184,naturEnergy,0.0,MWh,0.0,0.0
Italy,Low carbon,Wind,Wind onshore (< 1 MW) (0.059 MW),2025,25.0,0.201507,1.0,4074.91,0.0,0.0,73.18,naturEnergy,0.0,MWh,0.0,0.0
Italy,Low carbon,Wind,Wind onshore (< 1 MW) (0.014 MW),2025,25.0,0.172603,1.0,5316.67,0.0,0.0,894.719,naturEnergy,0.0,MWh,0.0,0.0
Italy,Low carbon,Solar,Solar PV (residential) (0.005 MW),2025,25.0,0.1716,1.0,1368.29,0.0,0.0,82.863,naturEnergy,0.0,MWh,0.0,0.0
Italy,Low carbon,Solar,Solar PV (commercial) (0.21 MW),2025,25.0,0.1716,1.0,906.53,0.0,0.0,23.796,naturEnergy,0.0,MWh,0.0,0.0
Italy,Low carbon,Solar,Solar PV (utility scale) (0.83 MW),2025,25.0,0.1962,1.0,827.21,0.0,0.0,24.08,naturEnergy,0.0,MWh,0.0,0.0
Italy,Low carbon,Hydro,Run of river (< 5 MW) (2.1 MW),2025,80.0,0.503712,1.0,3216.06,0.0,0.0,37.168,naturEnergy,0.0,MWh,0.0,0.0
Italy,Low carbon,Hydro,Run of river (< 5 MW) (0.69 MW),2025,80.0,0.554564,1.0,4410.77,0.0,0.0,60.596,naturEnergy,0.0,MWh,0.0,0.0
Italy,Low carbon,Hydro,Run of river (< 5 MW) (0.19 MW),2025,80.0,0.554564,1.0,5503.03,0.0,0.0,104.286,naturEnergy,0.0,MWh,0.0,0.0
Italy,Low carbon,Hydro,Run of river (< 5 MW) (0.015 MW),2025,80.0,0.554322,1.0,6509.67,0.0,0.0,119.655,naturEnergy,0.0,MWh,0.0,0.0
Italy,Low carbon,Geothermal,Geothermal (39.6 MW),2025,40.0,0.757877,1.0,3850.89,0.0,0.0,119.218,naturEnergy,0.0,MWh,0.0,0.0
Italy,Fossil fuel,Gas,Gas (CCGT) (790 MW),2025,30.0,0.85,0.6,590.19,28.1,3.5,26.0,Gas,27.297,MWh,0.20196,0.0
Italy,Fossil fuel,Gas,Gas (OCGT/int. comb.) (130 MW),2025,30.0,0.3,0.369,324.6,15.46,3.5,20.0,Gas,27.297,MWh,0.20196,0.0
Italy,Low carbon,Wind,Wind onshore (>= 1 MW) (1.0 MW),2025,25.0,0.38825,1.0,3021.77,69.2,0.0,49.522,naturEnergy,0.0,MWh,0.0,0.0
Italy,Low carbon,Wind,Wind onshore (< 1 MW) (0.90 MW),2025,25.0,0.480914,1.0,2726.67,69.03,0.0,64.734,naturEnergy,0.0,MWh,0.0,0.0
Italy,Low carbon,Wind,Wind onshore (< 1 MW) (0.80 MW),2025,25.0,0.316699,1.0,1782.37,68.12,0.0,54.619,naturEnergy,0.0,MWh,0.0,0.0
Italy,Low carbon,Wind,Wind onshore (< 1 MW) (0.90 MW),2025,25.0,0.433996,1.0,2785.69,69.07,0.0,59.34,naturEnergy,0.0,MWh,0.0,0.0
Italy,Low carbon,Wind,Wind onshore (>= 1 MW) (10.0 MW),2025,25.0,0.371829,1.0,1429.0,0.0,0.0,48.551,naturEnergy,0.0,MWh,0.0,0.0
Italy,Low carbon,Wind,Wind onshore (< 1 MW) (0.50 MW),2025,25.0,0.334294,1.0,2658.61,0.0,0.486,58.261,naturEnergy,0.0,MWh,0.0,0.0
Italy,Low carbon,Wind,Wind onshore (< 1 MW) (0.10 MW),2025,25.0,0.307902,1.0,3323.27,0.0,0.486,77.681,naturEnergy,0.0,MWh,0.0,0.0
Italy,Low carbon,Wind,Wind onshore (< 1 MW) (0.060 MW),2025,25.0,0.334294,1.0,4616.02,0.0,0.486,113.609,naturEnergy,0.0,MWh,0.0,0.0
Italy,Low carbon,Wind,Wind onshore (< 1 MW) (0.020 MW),2025,25.0,0.321391,1.0,5538.78,0.0,0.486,116.522,naturEnergy,0.0,MWh,0.0,0.0
Italy,Low carbon,Solar,Solar PV (residential) (0.004 MW),2025,25.0,0.195655,1.0,1845.83,0.0,0.0,270.675,naturEnergy,0.0,MWh,0.0,0.0
Italy,Low carbon,Solar,Solar PV (commercial) (0.083 MW),2025,25.0,0.195655,1.0,1305.53,0.0,0.0,34.633,naturEnergy,0.0,MWh,0.0,0.0
Italy,Low carbon,Solar,Solar PV (commercial) (0.42 MW),2025,25.0,0.195655,1.0,1210.16,0.0,0.0,30.012,naturEnergy,0.0,MWh,0.0,0.0
Italy,Low carbon,Solar,Solar PV (utility scale) (0.83 MW),2025,25.0,0.265267,1.0,836.2,0.0,0.0,61.435,naturEnergy,0.0,MWh,0.0,0.0
Italy,Low carbon,Hydro,Hydro reservoir (>= 5 MW) (15.0 MW),2025,80.0,0.3786,0.885,3107.8,0.0,0.0,60.915,naturEnergy,0.0,MWh,0.0,0.0
Italy,Low carbon,Hydro,Run of river (>= 5 MW) (5.0 MW),2025,80.0,0.369345,0.85,3051.66,0.0,0.0,89.067,naturEnergy,0.0,MWh,0.0,0.0
Italy,Low carbon,Hydro,Run of river (< 5 MW) (0.10 MW),2025,80.0,0.342,1.0,3013.09,0.0,0.0,50.957,naturEnergy,0.0,MWh,0.0,0.0
Italy,Low carbon,Hydro,Run of river (< 5 MW) (0.25 MW),2025,80.0,0.194677,1.0,1591.84,0.0,0.0,37.664,naturEnergy,0.0,MWh,0.0,0.0
Italy,Low carbon,Hydro,Run of river (< 5 MW) (0.50 MW),2025,80.0,0.204148,1.0,1070.09,0.0,0.0,23.263,naturEnergy,0.0,MWh,0.0,0.0
Italy,Low carbon,Hydro,Run of river (< 5 MW) (0.25 MW),2025,80.0,0.147323,1.0,3646.73,0.0,0.0,37.664,naturEnergy,0.0,MWh,0.0,0.0
Italy,Low carbon,Hydro,Run of river (< 5 MW) (0.50 MW),2025,80.0,0.151532,1.0,3781.88,0.0,0.0,23.263,naturEnergy,0.0,MWh,0.0,0.0
Italy,Low carbon,Hydro,Run of river (< 5 MW) (0.25 MW),2025,80.0,0.084185,1.0,3266.22,0.0,0.0,37.664,naturEnergy,0.0,MWh,0.0,0.0
Italy,Low carbon,Hydro,Run of river (< 5 MW) (0.50 MW),2025,80.0,0.219932,1.0,2398.29,0.0,0.0,23.263,naturEnergy,0.0,MWh,0.0,0.0
Italy,Low carbon,Hydro,Run of river (< 5 MW) (1.0 MW),2025,80.0,0.145218,1.0,955.99,0.0,0.0,11.078,naturEnergy,0.0,MWh,0.0,0.0
Italy,Low carbon,Geothermal,Geothermal (15.0 MW),2025,40.0,0.856,1.0,7132.13,0.0,0.0,159.351,naturEnergy,0.0,MWh,0.0,0.0
Italy,Low carbon,Geothermal,Geothermal (10.0 MW),2025,40.0,0.856,1.0,9799.43,0.0,0.0,172.63,naturEnergy,0.0,MWh,0.0,0.0
Italy,Low carbon,Geothermal,Geothermal (5.0 MW),2025,40.0,0.856,1.0,10959.12,0.0,0.0,190.336,naturEnergy,0.0,MWh,0.0,0.0
Italy,Low carbon,Bio,Biomass (0.45 MW),2025,40.0,0.894461,0.36,4605.19,0.0,0.0,210.711,Biomass,0.0,MWh,0.0,0.0
Italy,Low carbon,Bio,Biomass (0.42 MW),2025,40.0,0.885886,0.098,6545.46,0.0,0.0,457.864,Biomass,15.623,MWh,0.0,0.0
Italy,,CHP,Biomass (CHP) (0.42 MW),2025,40.0,0.885886,0.413,6545.46,0.0,0.0,457.864,Biomass,15.623,MWh,0.0,0.0
"Korea, Republic of",Low carbon,Nuclear,ALWR (1377 MW),2025,60.0,0.85,0.3648,2157.06,30.55,1.225,128.155,Uranium,0.0,MWh,0.0,0.0
"Korea, Republic of",Fossil fuel,Coal,Ultra-supercritical (954 MW),2025,40.0,0.85,0.433,1150.71,29.19,5.0,49.315,Bituminous,11.895,MWh,0.34056,0.0
"Korea, Republic of",Fossil fuel,Gas,Gas (CCGT) (982 MW),2025,30.0,0.85,0.586,838.4,21.03,3.5,36.58,Gas,34.121,MWh,0.20196,0.0
"Korea, Republic of",Fossil fuel,Gas,Gas (CCGT) (491 MW),2025,30.0,0.85,0.561,1107.37,28.8,3.5,58.508,Gas,34.121,MWh,0.20196,0.0
"Korea, Republic of",Low carbon,Solar,Solar PV (commercial) (0.099 MW),2025,25.0,0.15,1.0,1240.09,59.05,0.0,16.248,naturEnergy,0.0,MWh,0.0,0.0
"Korea, Republic of",Low carbon,Solar,Solar PV (utility scale) (3.0 MW),2025,25.0,0.15,1.0,1225.79,58.37,0.0,15.515,naturEnergy,0.0,MWh,0.0,0.0
"Korea, Republic of",Low carbon,Wind,Wind onshore (>= 1 MW) (14.9 MW),2025,25.0,0.23,1.0,1981.7,94.37,0.0,56.867,naturEnergy,0.0,MWh,0.0,0.0
"Korea, Republic of",Low carbon,Wind,Wind offshore (99.0 MW),2025,25.0,0.3,1.0,3519.82,167.61,0.0,118.513,naturEnergy,0.0,MWh,0.0,0.0
Norway,Low carbon,Wind,Wind onshore (>= 1 MW) (130 MW),2025,25.0,0.44,1.0,931.94,44.38,9.837,0.0,naturEnergy,0.0,MWh,0.0,0.0
Norway,Low carbon,Solar,Solar PV (commercial) (0.30 MW),2025,25.0,0.10274,1.0,983.71,46.84,0.0,36.0,naturEnergy,0.0,MWh,0.0,0.0
Norway,Low carbon,Hydro,Hydro reservoir (>= 5 MW) (30.0 MW),2025,80.0,0.52,0.9,1899.42,90.45,4.919,0.0,naturEnergy,0.0,MWh,0.0,0.0
Norway,Low carbon,Hydro,Run of river (< 5 MW) (3.0 MW),2025,80.0,0.47,1.0,1964.09,93.53,8.607,0.0,naturEnergy,0.0,MWh,0.0,0.0
Norway,Low carbon,Fuel cell,Fuel cell (1.0 MW),2025,20.0,0.85,0.45,3529.05,168.05,1.0,5.164,Hydrogen,50.0,MWh,0.0,0.0
Russian Federation,Low carbon,Nuclear,Gen III projects (1122 MW),2025,60.0,0.85,0.375,2270.85,238.56,2.121,59.772,Uranium,0.0,MWh,0.0,0.0
Russian Federation,Low carbon,Wind,Wind onshore (>= 1 MW) (60.0 MW),2025,25.0,0.27,1.0,1598.28,76.11,0.0,32.695,naturEnergy,0.0,MWh,0.0,0.0
Russian Federation,Low carbon,Wind,Wind onshore (>= 1 MW) (280 MW),2025,25.0,0.27,1.0,1471.96,70.09,0.0,31.941,naturEnergy,0.0,MWh,0.0,0.0
United States of America,Fossil fuel,Coal,Pulverised (650 MW),2025,40.0,0.85,0.401,2477.92,242.66,7.863,68.101,Bituminous,7.309,MWh,0.34056,0.0
United States of America,,Coal,Pulverised (CCUS) (650 MW),2025,40.0,0.85,0.311,4604.0,571.89,14.477,118.956,Bituminous,7.309,MWh,0.34056,0.9
United States of America,Fossil fuel,Coal,Pulverised (140 MW),2025,40.0,0.85,0.359,3447.0,337.39,8.546,102.035,Bituminous,7.309,MWh,0.34056,0.0
United States of America,Fossil fuel,Coal,Pulverised (138 MW),2025,40.0,0.85,0.362,4382.0,428.55,11.741,139.459,Bituminous,7.309,MWh,0.34056,0.0
United States of America,Fossil fuel,Coal,Supercritical pulverised (650 MW),2025,40.0,0.85,0.4175,2582.0,252.61,7.723,70.57,Bituminous,7.309,MWh,0.34056,0.0
United States of America,,Coal,Supercritical pulverised (CCUS) (650 MW),2025,40.0,0.85,0.32655,4654.0,573.42,14.012,120.175,Bituminous,7.309,MWh,0.34056,0.9
United States of America,Fossil fuel,Coal,Coal (641 MW),2025,40.0,0.85,0.425824,4157.0,562.11,12.562,126.133,Bituminous,7.309,MWh,0.34056,0.0
United States of America,,Coal,Coal (CCUS) (499 MW),2025,40.0,0.85,0.313421,5991.0,842.97,18.854,179.495,Bituminous,7.309,MWh,0.34056,0.9
United States of America,Fossil fuel,Gas,Gas (CCGT) (727 MW),2025,30.0,0.85,0.594102,951.96,96.19,1.705,26.792,Gas,10.919,MWh,0.20196,0.0
United States of America,,Gas,"Gas (CCGT, CCUS) (646 MW)",2025,30.0,0.85,0.476593,2412.0,349.7,5.634,63.911,Gas,10.919,MWh,0.20196,0.9
United States of America,Low carbon,Nuclear,LWR (1100 MW),2025,60.0,0.85,0.33,4250.0,554.35,1.8,73.0,Uranium,0.0,MWh,0.0,0.0
Finland,Low carbon,Wind,Wind onshore (>= 1 MW) (30.0 MW),2025,25.0,0.399543,1.0,1534.49,73.07,4.131,9.836,naturEnergy,0.0,MWh,0.0,0.0
Japan,Low carbon,Nuclear,ALWR (1152 MW),2025,60.0,0.85,0.33,3962.82,516.89,0.0,192.378,Uranium,0.0,MWh,0.0,0.0
Japan,Fossil fuel,Coal,Ultra-supercritical (749 MW),2025,40.0,0.85,0.414004,2418.82,115.18,6.387,96.212,Bituminous,11.895,MWh,0.34056,0.0
Japan,Fossil fuel,Gas,Gas (CCGT) (1372 MW),2025,30.0,0.85,0.558949,1108.91,52.81,3.171,33.738,Gas,34.121,MWh,0.20196,0.0
Japan,Low carbon,Wind,Wind onshore (>= 1 MW) (20.0 MW),2025,25.0,0.2,1.0,2281.84,108.66,0.0,48.14,naturEnergy,0.0,MWh,0.0,0.0
Japan,Low carbon,Wind,Wind offshore (100 MW),2025,25.0,0.3,1.0,4039.01,192.33,0.0,176.593,naturEnergy,0.0,MWh,0.0,0.0
Japan,Low carbon,Solar,Solar PV (residential) (0.004 MW),2025,25.0,0.12,1.0,2332.74,111.08,0.0,23.071,naturEnergy,0.0,MWh,0.0,0.0
Japan,Low carbon,Solar,Solar PV (utility scale) (2.0 MW),2025,25.0,0.14,1.0,2006.12,95.53,0.0,28.596,naturEnergy,0.0,MWh,0.0,0.0
Japan,Low carbon,Hydro,Hydro reservoir (>= 5 MW) (12.0 MW),2025,80.0,0.45,0.9,5819.16,277.1,0.0,90.658,naturEnergy,0.0,MWh,0.0,0.0
Slovakia,Low carbon,Nuclear,Nuclear (1004 MW),2025,60.0,0.85,0.324,6920.03,902.61,0.92,65.485,Uranium,0.0,MWh,0.0,0.0
Slovakia,,CHP,"Gas (OCGT/int. comb., CHP) (35.9 MW)",2025,30.0,0.98,0.81,1107.41,52.73,3.5,22.358,Gas,27.297,MWh,0.20196,0.0
Slovakia,,CHP,"Gas (CCGT, CHP) (5.8 MW)",2025,30.0,0.7,0.923,1160.31,55.25,3.5,26.0,Gas,27.297,MWh,0.20196,0.0
Australia,Fossil fuel,Coal,Supercritical pulverised (722 MW),2025,40.0,0.85,0.4011,2433.48,115.88,3.146,41.29,Bituminous,11.895,MWh,0.34056,0.0
Australia,,Coal,Supercritical pulverised (CCUS) (633 MW),2025,40.0,0.85,0.3005,4489.65,213.79,10.169,68.253,Bituminous,11.895,MWh,0.34056,0.9
Australia,Fossil fuel,Lignite,Supercritical pulverised (709 MW),2025,40.0,0.85,0.3175,3755.94,178.85,3.938,54.535,Lignite,1.63,MWh,0.3636,0.0
Australia,,Lignite,Supercritical pulverised (CCUS) (570 MW),2025,40.0,0.85,0.2065,6891.0,328.14,12.141,99.883,Lignite,1.63,MWh,0.3636,0.9
Australia,Fossil fuel,Gas,Gas (CCGT) (506 MW),2025,30.0,0.85,0.4752,954.86,45.47,5.507,8.047,Gas,26.629,MWh,0.20196,0.0
Australia,,Gas,"Gas (CCGT, CCUS) (437 MW)",2025,30.0,0.85,0.4099,2826.48,134.59,10.879,14.812,Gas,26.629,MWh,0.20196,0.9
Australia,Fossil fuel,Gas,Gas (OCGT/int. comb.) (537 MW),2025,30.0,0.3,0.3064,667.96,31.81,7.868,3.208,Gas,26.629,MWh,0.20196,0.0
Australia,Low carbon,Wind,Wind onshore (>= 1 MW) (100 MW),2025,25.0,0.42,1.0,1432.37,68.20805,1.995,26.912,naturEnergy,0.0,MWh,0.0,0.0
Australia,Low carbon,Wind,Wind offshore (100 MW),2025,25.0,0.51,1.0,3474.45,165.45,0.0,80.737,naturEnergy,0.0,MWh,0.0,0.0
Australia,Low carbon,Solar,Solar PV (utility scale) (100 MW),2025,25.0,0.28,1.0,882.02,42.00073,0.0,10.789,naturEnergy,0.0,MWh,0.0,0.0
Australia,Low carbon,Solar,Solar thermal (CSP) (150 MW),2025,25.0,0.47,1.0,5238.3,249.44,4.035,63.508,naturEnergy,0.0,MWh,0.0,0.0
Canada,Fossil fuel,Gas,Gas (CCGT) (471 MW),2025,30.0,0.85,0.569,1058.07,81.88,2.084,36.272,Gas,10.919,MWh,0.20196,0.0
Canada,Fossil fuel,Gas,Gas (OCGT/int. comb.) (243 MW),2025,30.0,0.3,0.4,517.84,35.24,3.55,39.359,Gas,10.919,MWh,0.20196,0.0
Canada,Fossil fuel,Gas,Gas (OCGT/int. comb.) (100 MW),2025,30.0,0.3,0.413,1140.65,77.67,0.772,20.837,Gas,10.919,MWh,0.20196,0.0
Canada,Low carbon,Wind,Wind onshore (>= 1 MW) (200 MW),2025,25.0,0.4,1.0,1361.37,38.22,0.0,46.305,naturEnergy,0.0,MWh,0.0,0.0
Canada,Low carbon,Solar,Solar PV (utility scale) (20.0 MW),2025,25.0,0.25,1.0,1354.42,50.16,0.0,13.892,naturEnergy,0.0,MWh,0.0,0.0
Canada,Low carbon,Solar,Solar PV (utility scale) (20.0 MW),2025,25.0,0.19,1.0,1264.13,50.03,0.0,30.87,naturEnergy,0.0,MWh,0.0,0.0
France,Low carbon,Nuclear,Gen III projects (1650 MW),2025,60.0,0.85,0.33,4013.29,523.47,13.031,9.132,Uranium,0.0,MWh,0.0,0.0
France,Low carbon,Wind,Wind onshore (>= 1 MW) (50.0 MW),2025,25.0,0.38,1.0,1475.47,70.26,0.0,59.019,naturEnergy,0.0,MWh,0.0,0.0
France,Low carbon,Wind,Wind offshore (500 MW),2025,25.0,0.45,1.0,3068.98,146.14,0.0,88.528,naturEnergy,0.0,MWh,0.0,0.0
France,Low carbon,Solar,Solar PV (utility scale) (25.0 MW),2025,25.0,0.24,1.0,708.23,0.0,0.0,7.082,naturEnergy,0.0,MWh,0.0,0.0
France,Low carbon,Solar,Solar PV (commercial) (0.50 MW),2025,25.0,0.1764,1.0,849.87,0.0,0.0,36.0,naturEnergy,0.0,MWh,0.0,0.0
France,Low carbon,Solar,Solar PV (residential) (0.010 MW),2025,25.0,0.1764,1.0,1699.74,0.0,0.0,36.0,naturEnergy,0.0,MWh,0.0,0.0
France,Low carbon,Fuel cell,Fuel cell (0.003 MW),2025,20.0,0.85,0.45,6492.08,309.15,41.313,10.0,Hydrogen,50.0,MWh,0.0,0.0
France,Low carbon,Fuel cell,Fuel cell (0.20 MW),2025,20.0,0.85,0.45,5901.89,281.04,21.247,10.0,Hydrogen,50.0,MWh,0.0,0.0
France,Low carbon,Fuel cell,Fuel cell (15.2 MW),2025,20.0,0.85,0.45,2360.76,112.42,35.411,10.0,Hydrogen,50.0,MWh,0.0,0.0
Belgium,Fossil fuel,Gas,Gas (CCGT) (500 MW),2025,30.0,0.85,0.595,767.25,36.54,3.777,16.525,Gas,27.297,MWh,0.20196,0.0
Belgium,Fossil fuel,Gas,Gas (CCGT) (500 MW),2025,30.0,0.85,0.64,1009.22,48.06,1.629,23.608,Gas,27.297,MWh,0.20196,0.0
Belgium,Fossil fuel,Gas,Gas (CCGT) (500 MW),2025,30.0,0.85,0.58,973.81,46.37,3.5,23.608,Gas,27.297,MWh,0.20196,0.0
Belgium,Fossil fuel,Gas,Gas (OCGT/int. comb.) (350 MW),2025,30.0,0.3,0.4,531.17,25.29,4.934,6.745,Gas,27.297,MWh,0.20196,0.0
Belgium,Fossil fuel,Gas,Gas (OCGT/int. comb.) (500 MW),2025,30.0,0.3,0.41,670.45,31.93,1.298,22.427,Gas,27.297,MWh,0.20196,0.0
Belgium,Fossil fuel,Gas,Gas (OCGT/int. comb.) (500 MW),2025,30.0,0.3,0.38,590.19,28.1,3.5,11.804,Gas,27.297,MWh,0.20196,0.0
Belgium,Low carbon,Wind,Wind onshore (>= 1 MW) (5.0 MW),2025,25.0,0.3,1.0,1475.47,70.26,18.886,2.833,naturEnergy,0.0,MWh,0.0,0.0
Belgium,Low carbon,Wind,Wind onshore (>= 1 MW) (30.0 MW),2025,25.0,0.275,1.0,1416.45,67.45,0.0,31.87,naturEnergy,0.0,MWh,0.0,0.0
Belgium,Low carbon,Wind,Wind onshore (>= 1 MW) (4.5 MW),2025,25.0,0.25,1.0,1534.49,73.07,17.706,0.0,naturEnergy,0.0,MWh,0.0,0.0
Belgium,Low carbon,Wind,Wind onshore (>= 1 MW) (30.0 MW),2025,25.0,0.275,1.0,1325.56,63.12,0.0,24.788,naturEnergy,0.0,MWh,0.0,0.0
Belgium,Low carbon,Wind,Wind offshore (12.0 MW),2025,25.0,0.39,1.0,2360.76,112.42,35.411,0.0,naturEnergy,0.0,MWh,0.0,0.0
Belgium,Low carbon,Wind,Wind offshore (50.0 MW),2025,25.0,0.39,1.0,2360.76,112.42,0.0,94.43,naturEnergy,0.0,MWh,0.0,0.0
Belgium,Low carbon,Solar,Solar PV (residential) (0.010 MW),2025,25.0,0.132,1.0,1841.39,87.69,0.0,16.997,naturEnergy,0.0,MWh,0.0,0.0
Belgium,Low carbon,Solar,Solar PV (residential) (0.010 MW),2025,25.0,0.1236,1.0,1345.63,64.08,0.0,14.165,naturEnergy,0.0,MWh,0.0,0.0
Belgium,Low carbon,Solar,Solar PV (residential) (0.010 MW),2025,25.0,0.1278,1.0,1008.52,48.02,0.0,22.663,naturEnergy,0.0,MWh,0.0,0.0
Belgium,Low carbon,Solar,Solar PV (utility scale) (1.0 MW),2025,25.0,0.132,1.0,991.52,47.22,0.0,14.165,naturEnergy,0.0,MWh,0.0,0.0
Brazil,Fossil fuel,Lignite,Coal (900 MW),2025,40.0,0.85,0.34,2189.49,104.26,4.105,33.45,Lignite,10.8,MWh,0.363,0.0
Brazil,Fossil fuel,Gas,Gas (CCGT) (980 MW),2025,30.0,0.85,0.58,957.9,45.61,8.211,22.342,Gas,10.919,MWh,0.20196,0.0
Brazil,Fossil fuel,Gas,Gas (OCGT/int. comb.) (980 MW),2025,30.0,0.3,0.44,738.95,35.19,8.211,22.342,Gas,10.919,MWh,0.20196,0.0
Brazil,Low carbon,Wind,Wind onshore (>= 1 MW) (30.0 MW),2025,25.0,0.47,1.0,1313.69,50.53,0.0,24.632,naturEnergy,0.0,MWh,0.0,0.0
Brazil,Low carbon,Solar,Solar PV (utility scale) (25.0 MW),2025,25.0,0.3125,1.0,1197.38,29.37,0.0,17.105,naturEnergy,0.0,MWh,0.0,0.0
Brazil,Low carbon,Hydro,Run of river (>= 5 MW) (248 MW),2025,80.0,0.5,0.93,2326.33,110.78,0.0,13.823,naturEnergy,0.0,MWh,0.0,0.0
Germany,Low carbon,Hydro,Run of river (>= 5 MW) (24.5 MW),2025,80.0,0.65,0.85,3.0,96.77,1.33,40.816,naturEnergy,0.0,MWh,0.0,0.0
Netherlands,Low carbon,Wind,Wind onshore (>= 1 MW) (50.0 MW),2025,25.0,0.481735,1.0,1250.32,59.54,12.158,12.984,naturEnergy,0.0,MWh,0.0,0.0
Netherlands,Low carbon,Solar,Solar PV (commercial) (0.20 MW),2025,25.0,0.1375,1.0,845.89,40.28,1.9,26.854,naturEnergy,0.0,MWh,0.0,0.0
Netherlands,Low carbon,Solar,Solar PV (utility scale) (8.0 MW),2025,25.0,0.14125,1.0,807.38,38.45,2.243,21.247,naturEnergy,0.0,MWh,0.0,0.0
Netherlands,Low carbon,Solar,Solar PV (floating) (8.0 MW),2025,25.0,0.14125,1.0,860.13,40.96,2.243,24.294,naturEnergy,0.0,MWh,0.0,0.0
Romania,,CHP,"Pulverised, lignite (CHP) (2900 MW)",2025,40.0,0.5,0.34,1014.81,82.72,65.46,282.153,Lignite,4.0,MWh,0.3636,0.0
Romania,Fossil fuel,Gas,Gas (CCGT) (750 MW),2025,30.0,0.85,0.58,253.7,2.51,25.37,155.604,Gas,27.297,MWh,0.20196,0.0
Romania,,CHP,"Gas (OCGT/int. comb., CHP) (195 MW)",2025,30.0,0.9,0.9,329.81,2.52,3.5,65.052,Gas,27.297,MWh,0.20196,0.0
Mexico,Fossil fuel,Gas,Gas (CCGT) (835 MW),2025,30.0,0.85,0.578,466.32,22.21,0.225,39.334,Gas,10.919,MWh,0.20196,0.0
Mexico,Fossil fuel,Gas,Gas (CCGT) (785 MW),2025,30.0,0.85,0.597,667.33,31.78,0.225,40.97,Gas,10.919,MWh,0.20196,0.0
Mexico,Fossil fuel,Gas,Gas (CCGT) (503 MW),2025,30.0,0.85,0.505,669.39,31.88,0.225,37.659,Gas,10.919,MWh,0.20196,0.0
Denmark,Low carbon,Solar,Solar PV (utility scale) (8.0 MW),2025,25.0,0.179116,1.0,623.2,29.68,0.0,11.568,naturEnergy,0.0,MWh,0.0,0.0
France,Low carbon,Nuclear,LTO (10 years) (1000 MW),2025,10.0,0.85,0.33,629.0,29.95,1.5,85.0,Uranium,0.0,MWh,0.0,0.0
United States of America,Low carbon,Nuclear,LTO (10 years) (1000 MW),2025,10.0,0.85,0.33,391.0,18.62,1.5,128.0,Uranium,0.0,MWh,0.0,0.0
Sweden,Low carbon,Nuclear,LTO (10 years) (1000 MW),2025,10.0,0.85,0.33,444.0,21.14,1.5,85.0,Uranium,0.0,MWh,0.0,0.0
Switzerland,Low carbon,Nuclear,LTO (10 years) (1000 MW),2025,10.0,0.85,0.33,550.0,26.19,1.5,85.0,Uranium,0.0,MWh,0.0,0.0
France,Low carbon,Nuclear,LTO (20 years) (1000 MW),2025,20.0,0.85,0.33,629.0,29.95,1.5,85.0,Uranium,0.0,MWh,0.0,0.0
United States of America,Low carbon,Nuclear,LTO (20 years) (1000 MW),2025,20.0,0.85,0.33,391.0,18.62,1.5,128.0,Uranium,0.0,MWh,0.0,0.0
Sweden,Low carbon,Nuclear,LTO (20 years) (1000 MW),2025,20.0,0.85,0.33,444.0,21.14,1.5,85.0,Uranium,0.0,MWh,0.0,0.0
Switzerland,Low carbon,Nuclear,LTO (20 years) (1000 MW),2025,20.0,0.85,0.33,550.0,26.19,1.5,85.0,Uranium,0.0,MWh,0.0,0.0
China,Low carbon,Nuclear,Nuclear (950 MW),2025,60.0,0.85,0.33,2500.0,326.09,15.0,85.0,Uranium,0.0,MWh,0.0,0.0
China,Fossil fuel,Coal,Ultra-supercritical (347 MW),2025,40.0,0.85,0.45,800.0,38.1,10.0,37.0,Bituminous,12.611,MWh,0.34056,0.0
China,Fossil fuel,Gas,Gas (CCGT) (475 MW),2025,30.0,0.85,0.58,560.0,26.67,10.0,26.0,Gas,31.05,MWh,0.20196,0.0
China,Low carbon,Wind,Wind onshore (>= 1 MW) (50.0 MW),2025,25.0,0.2562,1.0,1173.6,55.89,13.18,0.0,naturEnergy,0.0,MWh,0.0,0.0
China,Low carbon,Wind,Wind offshore (50.0 MW),2025,25.0,0.3541,1.0,2264.9,107.85,18.68,0.0,naturEnergy,0.0,MWh,0.0,0.0
China,Low carbon,Solar,Solar PV (utility scale) (20.0 MW),2025,25.0,0.1761,1.0,730.42,34.78,8.02,0.0,naturEnergy,0.0,MWh,0.0,0.0
India,Low carbon,Nuclear,LWR (950 MW),2025,60.0,0.85,0.33,2777.87,362.33,1.5,29.241,Uranium,0.0,MWh,0.0,0.0
India,Fossil fuel,Coal,Ultra-supercritical (pithead) (400 MW),2025,40.0,0.85,0.45,1147.7,54.65,5.0,26.317,Bituminous,11.895,MWh,0.34056,0.0
India,Fossil fuel,Coal,Ultra-supercritical (load centered) (400 MW),2025,40.0,0.85,0.45,1111.15,52.91,35.118,26.317,Bituminous,11.895,MWh,0.34056,0.0
India,Low carbon,Wind,Wind onshore (>= 1 MW) (65.0 MW),2025,25.0,0.2692,1.0,877.22,41.77,0.0,8.772,naturEnergy,0.0,MWh,0.0,0.0
India,Low carbon,Solar,Solar PV (utility scale) (35.0 MW),2025,25.0,0.2031,1.0,628.67,29.94,0.0,6.287,naturEnergy,0.0,MWh,0.0,0.0
India,Low carbon,Hydro,Hydro reservoir (>= 5 MW) (175 MW),2025,80.0,0.6,0.9,2448.91,116.61,0.0,61.223,naturEnergy,0.0,MWh,0.0,0.0
India,Low carbon,Bio,Biomass (30.0 MW),2025,40.0,0.85,0.45,833.36,39.68,0.0,16.667,Biomass,47.809,MWh,0.0,0.0
Brazil,Low carbon,Bio,Biomass (25.0 MW),2025,40.0,0.3,0.45,1094.74,52.13,0.0,49.263,Biomass,0.0,MWh,0.0,0.0
United States of America,Low carbon,Wind,Wind offshore (600 MW),2025,25.0,0.471342,1.0,1952.14,92.96,0.0,84.394,naturEnergy,0.0,MWh,0.0,0.0
United States of America,Low carbon,Wind,Wind offshore (600 MW),2025,25.0,0.459326,1.0,1958.12,93.24,0.0,86.209,naturEnergy,0.0,MWh,0.0,0.0
United States of America,Low carbon,Wind,Wind offshore (median case) (600 MW),2025,25.0,0.462759,1.0,2059.97,98.09,0.0,87.75,naturEnergy,0.0,MWh,0.0,0.0
United States of America,Low carbon,Wind,Wind offshore (600 MW),2025,25.0,0.460654,1.0,2151.0,102.43,0.0,88.567,naturEnergy,0.0,MWh,0.0,0.0
United States of America,Low carbon,Wind,Wind offshore (600 MW),2025,25.0,0.453231,1.0,2188.96,104.24,0.0,91.01,naturEnergy,0.0,MWh,0.0,0.0
United States of America,Low carbon,Wind,Wind offshore (600 MW),2025,25.0,0.38912,1.0,2209.23,105.2,0.0,89.725,naturEnergy,0.0,MWh,0.0,0.0
United States of America,Low carbon,Wind,Wind offshore (600 MW),2025,25.0,0.300607,1.0,2411.03,114.81,0.0,85.744,naturEnergy,0.0,MWh,0.0,0.0
United States of America,Low carbon,Wind,Wind offshore (600 MW),2025,25.0,0.526021,1.0,2410.37,114.78,0.0,65.002,naturEnergy,0.0,MWh,0.0,0.0
United States of America,Low carbon,Wind,Wind offshore (600 MW),2025,25.0,0.513163,1.0,2419.51,115.21,0.0,65.737,naturEnergy,0.0,MWh,0.0,0.0
United States of America,Low carbon,Wind,Wind offshore (600 MW),2025,25.0,0.504069,1.0,2486.07,118.38,0.0,68.4,naturEnergy,0.0,MWh,0.0,0.0
United States of America,Low carbon,Wind,Wind offshore (600 MW),2025,25.0,0.497248,1.0,2576.91,122.71,0.0,74.014,naturEnergy,0.0,MWh,0.0,0.0
United States of America,Low carbon,Wind,Wind offshore (600 MW),2025,25.0,0.468505,1.0,2604.49,124.02,0.0,78.736,naturEnergy,0.0,MWh,0.0,0.0
United States of America,Low carbon,Wind,Wind offshore (600 MW),2025,25.0,0.373609,1.0,2607.31,124.16,0.0,80.705,naturEnergy,0.0,MWh,0.0,0.0
United States of America,Low carbon,Wind,Wind offshore (600 MW),2025,25.0,0.307081,1.0,2864.24,136.39,0.0,72.857,naturEnergy,0.0,MWh,0.0,0.0
United States of America,Low carbon,Wind,Wind onshore (>= 1 MW) (100 MW),2025,25.0,0.533458,1.0,1429.94,68.09,0.0,40.723,naturEnergy,0.0,MWh,0.0,0.0
United States of America,Low carbon,Wind,Wind onshore (>= 1 MW) (100 MW),2025,25.0,0.485526,1.0,1338.4,63.73,0.0,40.723,naturEnergy,0.0,MWh,0.0,0.0
United States of America,Low carbon,Wind,Wind onshore (>= 1 MW) (100 MW),2025,25.0,0.468561,1.0,1323.14,63.01,0.0,40.723,naturEnergy,0.0,MWh,0.0,0.0
United States of America,Low carbon,Wind,Wind onshore (>= 1 MW) (median case) (100 MW),2025,25.0,0.453082,1.0,1319.2,62.82,0.0,40.723,naturEnergy,0.0,MWh,0.0,0.0
United States of America,Low carbon,Wind,Wind onshore (>= 1 MW) (100 MW),2025,25.0,0.434729,1.0,1341.52,63.88,0.0,40.723,naturEnergy,0.0,MWh,0.0,0.0
United States of America,Low carbon,Wind,Wind onshore (>= 1 MW) (100 MW),2025,25.0,0.409164,1.0,1522.9,72.52,0.0,40.723,naturEnergy,0.0,MWh,0.0,0.0
United States of America,Low carbon,Wind,Wind onshore (>= 1 MW) (100 MW),2025,25.0,0.371128,1.0,1614.81,76.9,0.0,40.723,naturEnergy,0.0,MWh,0.0,0.0
United States of America,Low carbon,Wind,Wind onshore (>= 1 MW) (100 MW),2025,25.0,0.328582,1.0,1967.52,93.69,0.0,40.723,naturEnergy,0.0,MWh,0.0,0.0
United States of America,Low carbon,Wind,Wind onshore (>= 1 MW) (100 MW),2025,25.0,0.281915,1.0,2180.27,103.82,0.0,40.723,naturEnergy,0.0,MWh,0.0,0.0
United States of America,Low carbon,Wind,Wind onshore (>= 1 MW) (100 MW),2025,25.0,0.178289,1.0,2329.47,110.93,0.0,40.723,naturEnergy,0.0,MWh,0.0,0.0
United States of America,Low carbon,Solar,Solar PV (utility scale) (100 MW),2025,25.0,0.228831,1.0,1071.68,51.03,0.0,12.824,naturEnergy,0.0,MWh,0.0,0.0
United States of America,Low carbon,Solar,Solar PV (utility scale) (100 MW),2025,25.0,0.263687,1.0,1071.68,51.03,0.0,12.824,naturEnergy,0.0,MWh,0.0,0.0
United States of America,Low carbon,Solar,Solar PV (utility scale) (median case) (100 MW),2025,25.0,0.284224,1.0,1071.68,51.03,0.0,12.824,naturEnergy,0.0,MWh,0.0,0.0
United States of America,Low carbon,Solar,Solar PV (utility scale) (100 MW),2025,25.0,0.330408,1.0,1071.68,51.03,0.0,12.824,naturEnergy,0.0,MWh,0.0,0.0
United States of America,Low carbon,Solar,Solar PV (utility scale) (100 MW),2025,25.0,0.363584,1.0,1071.68,51.03,0.0,12.824,naturEnergy,0.0,MWh,0.0,0.0
United States of America,Low carbon,Solar,Solar PV (commercial) (0.30 MW),2025,25.0,0.130301,1.0,1356.67,64.6,0.0,9.964,naturEnergy,0.0,MWh,0.0,0.0
United States of America,Low carbon,Solar,Solar PV (commercial) (0.30 MW),2025,25.0,0.151046,1.0,1356.67,64.6,0.0,9.964,naturEnergy,0.0,MWh,0.0,0.0
United States of America,Low carbon,Solar,Solar PV (commercial) (median case) (0.30 MW),2025,25.0,0.161111,1.0,1356.67,64.6,0.0,9.964,naturEnergy,0.0,MWh,0.0,0.0
United States of America,Low carbon,Solar,Solar PV (commercial) (0.30 MW),2025,25.0,0.188272,1.0,1356.67,64.6,0.0,9.964,naturEnergy,0.0,MWh,0.0,0.0
United States of America,Low carbon,Solar,Solar PV (commercial) (0.30 MW),2025,25.0,0.203762,1.0,1356.67,64.6,0.0,9.964,naturEnergy,0.0,MWh,0.0,0.0
United States of America,Low carbon,Solar,Solar PV (residential) (0.005 MW),2025,25.0,0.135019,1.0,1884.45,89.74,0.0,14.133,naturEnergy,0.0,MWh,0.0,0.0
United States of America,Low carbon,Solar,Solar PV (residential) (0.005 MW),2025,25.0,0.155889,1.0,1884.45,89.74,0.0,14.133,naturEnergy,0.0,MWh,0.0,0.0
United States of America,Low carbon,Solar,Solar PV (residential) (median case) (0.005 MW),2025,25.0,0.166831,1.0,1884.45,89.74,0.0,14.133,naturEnergy,0.0,MWh,0.0,0.0
United States of America,Low carbon,Solar,Solar PV (residential) (0.005 MW),2025,25.0,0.189965,1.0,2596.57,123.65,0.0,19.474,naturEnergy,0.0,MWh,0.0,0.0
United States of America,Low carbon,Solar,Solar PV (residential) (0.005 MW),2025,25.0,0.20751,1.0,2596.57,123.65,0.0,19.474,naturEnergy,0.0,MWh,0.0,0.0
United States of America,Low carbon,Solar,Solar thermal (CSP) (100 MW),2025,25.0,0.504,1.0,6474.8,308.32,0.0,67.612,naturEnergy,0.0,MWh,0.0,0.0
United States of America,Low carbon,Solar,Solar thermal (CSP) (100 MW),2025,25.0,0.612,1.0,6474.8,308.32,0.0,67.612,naturEnergy,0.0,MWh,0.0,0.0
United States of America,Low carbon,Solar,Solar thermal (CSP) (median case) (100 MW),2025,25.0,0.638,1.0,6474.8,308.32,0.0,67.612,naturEnergy,0.0,MWh,0.0,0.0
United States of America,Low carbon,Geothermal,Geothermal (30.0 MW),2025,40.0,0.9,1.0,4119.75,196.18,0.0,131.107,naturEnergy,0.0,MWh,0.0,0.0
United States of America,Low carbon,Geothermal,Geothermal (25.0 MW),2025,40.0,0.8,1.0,5537.83,263.71,0.0,176.508,naturEnergy,0.0,MWh,0.0,0.0
United States of America,Low carbon,Hydro,Run of river (< 5 MW) (4.8 MW),2025,80.0,0.617276,1.0,6383.39,303.97,0.0,120.253,naturEnergy,0.0,MWh,0.0,0.0
United States of America,Low carbon,Hydro,Run of river (>= 5 MW) (82.2 MW),2025,80.0,0.636562,1.0,5810.1,276.67,0.0,33.087,naturEnergy,0.0,MWh,0.0,0.0
United States of America,Low carbon,Hydro,Run of river (< 5 MW) (4.2 MW),2025,80.0,0.597169,1.0,4275.09,203.58,0.0,127.726,naturEnergy,0.0,MWh,0.0,0.0
United States of America,Low carbon,Hydro,Run of river (>= 5 MW) (median case) (44.7 MW),2025,80.0,0.59783,1.0,4030.66,191.94,0.0,43.628,naturEnergy,0.0,MWh,0.0,0.0
United States of America,Low carbon,Hydro,Run of river (< 5 MW) (3.7 MW),2025,80.0,0.656435,1.0,7484.3,356.4,0.0,134.55,naturEnergy,0.0,MWh,0.0,0.0
United States of America,Low carbon,Hydro,Run of river (>= 5 MW) (44.1 MW),2025,80.0,0.661947,1.0,6681.42,318.16,0.0,43.874,naturEnergy,0.0,MWh,0.0,0.0
United States of America,Low carbon,Hydro,Run of river (>= 5 MW) (median case) (94.0 MW),2025,80.0,0.664552,1.0,5891.15,280.53,0.0,31.139,naturEnergy,0.0,MWh,0.0,0.0
